{
	"parent": "item/generated",
	"textures": {
		"layer0": "item/spyglass"
	},
	"display": {
		"thirdperson_righthand": {
			"rotation": [-45, 90, 0],
			"translation": [0, 0, -3],
			"scale": [0.56, 0.56, 0.56]
		},
		"thirdperson_lefthand": {
			"rotation": [-45, 90, -90],
			"translation": [0, 0, -3],
			"scale": [0.56, 0.56, 0.56]
		},
		"ground": {
			"rotation": [-45, 90, 0],
			"translation": [0, 0, -16]
		},
		"gui": {
			"rotation": [-45, 90, 0],
			"translation": [0, 0, -16]
		},
		"head": {
			"rotation": [-45, 90, 0],
			"translation": [0, 0, -16]
		},
		"fixed": {
			"rotation": [-45, 90, 0],
			"translation": [0, 0, -16]
		}
	}
}