{
	"credit": "Made with Blockbench",
	"texture_size": [128, 128],
	"textures": {
		"0": "item/crofter",
		"particle": "item/crofter"
	},
	"elements": [
		{
			"name": "hornbase1",
			"from": [-10, 25, 8.5],
			"to": [-3, 27, 10.5],
			"rotation": {"angle": 22.5, "axis": "x", "origin": [-3.34, 19.385, 8.36]},
			"faces": {
				"north": {"uv": [2.5, 7.5, 3.375, 7.75], "texture": "#0"},
				"east": {"uv": [5.75, 9.375, 6, 9.625], "texture": "#0"},
				"south": {"uv": [9.625, 4.5, 10.5, 4.75], "texture": "#0"},
				"west": {"uv": [10.125, 10, 10.375, 10.25], "texture": "#0"},
				"up": {"uv": [10.75, 8.625, 9.875, 8.375], "texture": "#0"},
				"down": {"uv": [10.75, 8.625, 9.875, 8.875], "texture": "#0"}
			}
		},
		{
			"name": "hornbase2",
			"from": [6.5, 25, 8.5],
			"to": [13.5, 27, 10.5],
			"rotation": {"angle": 22.5, "axis": "x", "origin": [-3.34, 19.385, 8.36]},
			"faces": {
				"north": {"uv": [8.875, 9.875, 9.75, 10.125], "texture": "#0"},
				"east": {"uv": [0, 10.25, 0.25, 10.5], "texture": "#0"},
				"south": {"uv": [9.875, 8.875, 10.75, 9.125], "texture": "#0"},
				"west": {"uv": [0.25, 10.25, 0.5, 10.5], "texture": "#0"},
				"up": {"uv": [10.75, 9.375, 9.875, 9.125], "texture": "#0"},
				"down": {"uv": [10.75, 9.375, 9.875, 9.625], "texture": "#0"}
			}
		},
		{
			"name": "hornmid1",
			"from": [-12.5, 27, 8.5],
			"to": [-8.5, 29, 10.5],
			"rotation": {"angle": 22.5, "axis": "x", "origin": [-3.34, 19.385, 8.36]},
			"faces": {
				"north": {"uv": [10, 3.75, 10.5, 4], "texture": "#0"},
				"east": {"uv": [0.5, 10.25, 0.75, 10.5], "texture": "#0"},
				"south": {"uv": [10.125, 0.75, 10.625, 1], "texture": "#0"},
				"west": {"uv": [0.75, 10.25, 1, 10.5], "texture": "#0"},
				"up": {"uv": [1.5, 10.375, 1, 10.125], "texture": "#0"},
				"down": {"uv": [10.625, 1, 10.125, 1.25], "texture": "#0"}
			}
		},
		{
			"name": "hornmid2",
			"from": [12, 27, 8.5],
			"to": [16, 29, 10.5],
			"rotation": {"angle": 22.5, "axis": "x", "origin": [-3.34, 19.385, 8.36]},
			"faces": {
				"north": {"uv": [10.125, 1.25, 10.625, 1.5], "texture": "#0"},
				"east": {"uv": [3.375, 10.25, 3.625, 10.5], "texture": "#0"},
				"south": {"uv": [1.5, 10.125, 2, 10.375], "texture": "#0"},
				"west": {"uv": [3.625, 10.25, 3.875, 10.5], "texture": "#0"},
				"up": {"uv": [3, 10.375, 2.5, 10.125], "texture": "#0"},
				"down": {"uv": [10.625, 4, 10.125, 4.25], "texture": "#0"}
			}
		},
		{
			"name": "horntip1",
			"from": [-12.5, 29, 8.5],
			"to": [-11, 32, 10.5],
			"rotation": {"angle": 22.5, "axis": "x", "origin": [-3.34, 19.385, 8.36]},
			"faces": {
				"north": {"uv": [6, 10.125, 6.25, 10.5], "texture": "#0"},
				"east": {"uv": [6.25, 10.125, 6.5, 10.5], "texture": "#0"},
				"south": {"uv": [6.5, 10.125, 6.75, 10.5], "texture": "#0"},
				"west": {"uv": [6.75, 10.125, 7, 10.5], "texture": "#0"},
				"up": {"uv": [4.125, 10.5, 3.875, 10.25], "texture": "#0"},
				"down": {"uv": [8.125, 10.25, 7.875, 10.5], "texture": "#0"}
			}
		},
		{
			"name": "horntip2",
			"from": [14.5, 29, 8.5],
			"to": [16, 32, 10.5],
			"rotation": {"angle": 22.5, "axis": "x", "origin": [-3.34, 19.385, 8.36]},
			"faces": {
				"north": {"uv": [7, 10.125, 7.25, 10.5], "texture": "#0"},
				"east": {"uv": [7.25, 10.125, 7.5, 10.5], "texture": "#0"},
				"south": {"uv": [8.875, 10.125, 9.125, 10.5], "texture": "#0"},
				"west": {"uv": [9.125, 10.125, 9.375, 10.5], "texture": "#0"},
				"up": {"uv": [8.375, 10.5, 8.125, 10.25], "texture": "#0"},
				"down": {"uv": [8.625, 10.25, 8.375, 10.5], "texture": "#0"}
			}
		},
		{
			"name": "mouth",
			"from": [0, 20, 8],
			"to": [4, 22, 11],
			"rotation": {"angle": 22.5, "axis": "x", "origin": [-3.34, 19.385, 8.36]},
			"faces": {
				"north": {"uv": [10.125, 4.25, 10.625, 4.5], "texture": "#0"},
				"east": {"uv": [7.5, 8.375, 7.875, 8.625], "texture": "#0"},
				"south": {"uv": [5.25, 10.125, 5.75, 10.375], "texture": "#0"},
				"west": {"uv": [9.375, 10.125, 9.75, 10.375], "texture": "#0"},
				"up": {"uv": [3.875, 7.875, 3.375, 7.5], "texture": "#0"},
				"down": {"uv": [10.375, 9.625, 9.875, 10], "texture": "#0"}
			}
		},
		{
			"name": "cheek1",
			"from": [-2, 21, 9],
			"to": [1, 24, 12],
			"rotation": {"angle": 22.5, "axis": "x", "origin": [-3.34, 19.385, 8.36]},
			"faces": {
				"north": {"uv": [3.875, 9.5, 4.25, 9.875], "texture": "#0"},
				"east": {"uv": [8, 9.5, 8.375, 9.875], "texture": "#0"},
				"south": {"uv": [3, 9.625, 3.375, 10], "texture": "#0"},
				"west": {"uv": [3.875, 9.875, 4.25, 10.25], "texture": "#0"},
				"up": {"uv": [8.375, 10.25, 8, 9.875], "texture": "#0"},
				"down": {"uv": [3.375, 10, 3, 10.375], "texture": "#0"}
			}
		},
		{
			"name": "cheek2",
			"from": [3, 21, 9],
			"to": [6, 24, 12],
			"rotation": {"angle": 22.5, "axis": "x", "origin": [-3.34, 19.385, 8.36]},
			"faces": {
				"north": {"uv": [10, 3, 10.375, 3.375], "texture": "#0"},
				"east": {"uv": [10, 3.375, 10.375, 3.75], "texture": "#0"},
				"south": {"uv": [7.5, 10, 7.875, 10.375], "texture": "#0"},
				"west": {"uv": [9.75, 10, 10.125, 10.375], "texture": "#0"},
				"up": {"uv": [10.5, 0.375, 10.125, 0], "texture": "#0"},
				"down": {"uv": [10.5, 0.375, 10.125, 0.75], "texture": "#0"}
			}
		},
		{
			"from": [1, 22, 8],
			"to": [3, 28, 12],
			"rotation": {"angle": 22.5, "axis": "x", "origin": [-3.34, 19.385, 8.36]},
			"faces": {
				"north": {"uv": [5.75, 8.625, 6, 9.375], "texture": "#0"},
				"east": {"uv": [1, 9.375, 1.5, 10.125], "texture": "#0"},
				"south": {"uv": [3.875, 8.75, 4.125, 9.5], "texture": "#0"},
				"west": {"uv": [1.5, 9.375, 2, 10.125], "texture": "#0"},
				"up": {"uv": [6.5, 10.125, 6.25, 9.625], "texture": "#0"},
				"down": {"uv": [6, 10.125, 5.75, 10.625], "texture": "#0"}
			}
		},
		{
			"from": [3, 24, 8],
			"to": [7, 28, 12],
			"rotation": {"angle": 22.5, "axis": "x", "origin": [-3.34, 19.385, 8.36]},
			"faces": {
				"north": {"uv": [2, 9.375, 2.5, 9.875], "texture": "#0"},
				"east": {"uv": [9.375, 6.875, 9.875, 7.375], "texture": "#0"},
				"south": {"uv": [9.375, 7.375, 9.875, 7.875], "texture": "#0"},
				"west": {"uv": [9.375, 7.875, 9.875, 8.375], "texture": "#0"},
				"up": {"uv": [9.875, 8.875, 9.375, 8.375], "texture": "#0"},
				"down": {"uv": [9.875, 8.875, 9.375, 9.375], "texture": "#0"}
			}
		},
		{
			"name": "forehead1",
			"from": [-3, 24, 8],
			"to": [1, 28, 12],
			"rotation": {"angle": 22.5, "axis": "x", "origin": [-3.34, 19.385, 8.36]},
			"faces": {
				"north": {"uv": [9.375, 9.375, 9.875, 9.875], "texture": "#0"},
				"east": {"uv": [9.5, 1.5, 10, 2], "texture": "#0"},
				"south": {"uv": [9.5, 2, 10, 2.5], "texture": "#0"},
				"west": {"uv": [9.5, 2.5, 10, 3], "texture": "#0"},
				"up": {"uv": [10, 3.5, 9.5, 3], "texture": "#0"},
				"down": {"uv": [10, 3.5, 9.5, 4], "texture": "#0"}
			}
		},
		{
			"from": [3, 25, 11.5],
			"to": [7, 28, 12.5],
			"rotation": {"angle": -22.5, "axis": "z", "origin": [-3.34, 19.385, 8.36]},
			"faces": {
				"north": {"uv": [10, 1.5, 10.5, 1.875], "texture": "#0"},
				"east": {"uv": [6.5, 6.125, 6.625, 6.5], "texture": "#0"},
				"south": {"uv": [10, 1.875, 10.5, 2.25], "texture": "#0"},
				"west": {"uv": [3.875, 7.5, 4, 7.875], "texture": "#0"},
				"up": {"uv": [3, 7.875, 2.5, 7.75], "texture": "#0"},
				"down": {"uv": [5.75, 7.75, 5.25, 7.875], "texture": "#0"}
			}
		},
		{
			"name": "ear1",
			"from": [-4, 21, 11.5],
			"to": [0, 24, 12.5],
			"rotation": {"angle": 22.5, "axis": "z", "origin": [-3.34, 19.385, 8.36]},
			"faces": {
				"north": {"uv": [10, 2.25, 10.5, 2.625], "texture": "#0"},
				"east": {"uv": [1.5, 10.375, 1.625, 10.75], "texture": "#0"},
				"south": {"uv": [10, 2.625, 10.5, 3], "texture": "#0"},
				"west": {"uv": [1.625, 10.375, 1.75, 10.75], "texture": "#0"},
				"up": {"uv": [8.5, 1.5, 8, 1.375], "texture": "#0"},
				"down": {"uv": [9, 1.375, 8.5, 1.5], "texture": "#0"}
			}
		},
		{
			"name": "mohawk",
			"from": [0, 21, 11],
			"to": [4, 28, 25],
			"rotation": {"angle": 0, "axis": "x", "origin": [-3.34, 19.385, 8.36]},
			"faces": {
				"north": {"uv": [0, 9.375, 0.5, 10.25], "texture": "#0"},
				"east": {"uv": [7.75, 1.5, 9.5, 2.375], "texture": "#0"},
				"south": {"uv": [0.5, 9.375, 1, 10.25], "texture": "#0"},
				"west": {"uv": [7.75, 2.375, 9.5, 3.25], "texture": "#0"},
				"up": {"uv": [7, 10.125, 6.5, 8.375], "texture": "#0"},
				"down": {"uv": [8.875, 6.75, 8.375, 8.5], "texture": "#0"}
			}
		},
		{
			"name": "cloud",
			"from": [-14, -1, -1],
			"to": [18, 5, 29],
			"rotation": {"angle": 0, "axis": "x", "origin": [0, 11, 0]},
			"faces": {
				"north": {"uv": [4, 0, 8, 0.75], "texture": "#0"},
				"east": {"uv": [4, 1.5, 7.75, 2.25], "texture": "#0"},
				"south": {"uv": [4, 0.75, 8, 1.5], "texture": "#0"},
				"west": {"uv": [4, 2.25, 7.75, 3], "texture": "#0"},
				"up": {"uv": [4, 3.75, 0, 0], "texture": "#0"},
				"down": {"uv": [4, 3.75, 0, 7.5], "texture": "#0"}
			}
		},
		{
			"name": "sholder",
			"from": [-8, 18, 15],
			"to": [12, 25, 22],
			"rotation": {"angle": 0, "axis": "x", "origin": [-3.34, 19.385, 8.36]},
			"faces": {
				"north": {"uv": [4, 3, 6.5, 3.875], "texture": "#0"},
				"east": {"uv": [7.5, 8.625, 8.375, 9.5], "texture": "#0"},
				"south": {"uv": [4, 3.875, 6.5, 4.75], "texture": "#0"},
				"west": {"uv": [2.5, 8.75, 3.375, 9.625], "texture": "#0"},
				"up": {"uv": [6.5, 5.625, 4, 4.75], "texture": "#0"},
				"down": {"uv": [6.5, 5.625, 4, 6.5], "texture": "#0"}
			}
		},
		{
			"name": "torso",
			"from": [-5, 12, 15],
			"to": [9, 18, 22],
			"rotation": {"angle": 0, "axis": "x", "origin": [-3.34, 19.385, 8.36]},
			"faces": {
				"north": {"uv": [7.875, 4.125, 9.625, 4.875], "texture": "#0"},
				"east": {"uv": [9.25, 0, 10.125, 0.75], "texture": "#0"},
				"south": {"uv": [4.25, 7.875, 6, 8.625], "texture": "#0"},
				"west": {"uv": [9.25, 0.75, 10.125, 1.5], "texture": "#0"},
				"up": {"uv": [9.5, 4.125, 7.75, 3.25], "texture": "#0"},
				"down": {"uv": [4.25, 7.875, 2.5, 8.75], "texture": "#0"}
			}
		},
		{
			"name": "abs",
			"from": [-3, 3, 16],
			"to": [7, 14, 21],
			"rotation": {"angle": 0, "axis": "x", "origin": [-3.34, 19.385, 8.36]},
			"faces": {
				"north": {"uv": [6.5, 3, 7.75, 4.375], "texture": "#0"},
				"east": {"uv": [8, 0, 8.625, 1.375], "texture": "#0"},
				"south": {"uv": [4, 6.5, 5.25, 7.875], "texture": "#0"},
				"west": {"uv": [8.625, 0, 9.25, 1.375], "texture": "#0"},
				"up": {"uv": [1.25, 9.375, 0, 8.75], "texture": "#0"},
				"down": {"uv": [2.5, 8.75, 1.25, 9.375], "texture": "#0"}
			}
		},
		{
			"name": "headcover",
			"from": [-3, 16, 13],
			"to": [7, 26, 24],
			"rotation": {"angle": 0, "axis": "x", "origin": [-2.8, 17.9, 8.9]},
			"faces": {
				"north": {"uv": [0, 7.5, 1.25, 8.75], "texture": "#0"},
				"east": {"uv": [6.5, 4.375, 7.875, 5.625], "texture": "#0"},
				"south": {"uv": [1.25, 7.5, 2.5, 8.75], "texture": "#0"},
				"west": {"uv": [5.25, 6.5, 6.625, 7.75], "texture": "#0"},
				"up": {"uv": [7.875, 7, 6.625, 5.625], "texture": "#0"},
				"down": {"uv": [7.875, 7, 6.625, 8.375], "texture": "#0"}
			}
		},
		{
			"name": "leg1",
			"from": [-2.5, 3, 4],
			"to": [1.5, 7, 16],
			"rotation": {"angle": 0, "axis": "x", "origin": [0, 9, 0]},
			"faces": {
				"north": {"uv": [7.5, 9.5, 8, 10], "texture": "#0"},
				"east": {"uv": [8.875, 4.875, 10.375, 5.375], "texture": "#0"},
				"south": {"uv": [2.5, 9.625, 3, 10.125], "texture": "#0"},
				"west": {"uv": [8.875, 5.375, 10.375, 5.875], "texture": "#0"},
				"up": {"uv": [5.75, 10.125, 5.25, 8.625], "texture": "#0"},
				"down": {"uv": [3.875, 8.75, 3.375, 10.25], "texture": "#0"}
			}
		},
		{
			"name": "leg2",
			"from": [2.5, 3, 4],
			"to": [6.5, 7, 16],
			"rotation": {"angle": 0, "axis": "x", "origin": [0, 9, 0]},
			"faces": {
				"north": {"uv": [9.625, 4, 10.125, 4.5], "texture": "#0"},
				"east": {"uv": [8.875, 5.875, 10.375, 6.375], "texture": "#0"},
				"south": {"uv": [5.75, 9.625, 6.25, 10.125], "texture": "#0"},
				"west": {"uv": [8.875, 6.375, 10.375, 6.875], "texture": "#0"},
				"up": {"uv": [9.375, 8.375, 8.875, 6.875], "texture": "#0"},
				"down": {"uv": [9.375, 8.375, 8.875, 9.875], "texture": "#0"}
			}
		},
		{
			"name": "arm1",
			"from": [-9, 5, 17],
			"to": [-5, 19, 21],
			"rotation": {"angle": 0, "axis": "x", "origin": [0, 9, 0]},
			"faces": {
				"north": {"uv": [7, 8.375, 7.5, 10.125], "texture": "#0"},
				"east": {"uv": [8.375, 8.5, 8.875, 10.25], "texture": "#0"},
				"south": {"uv": [4.25, 8.625, 4.75, 10.375], "texture": "#0"},
				"west": {"uv": [4.75, 8.625, 5.25, 10.375], "texture": "#0"},
				"up": {"uv": [2.5, 10.375, 2, 9.875], "texture": "#0"},
				"down": {"uv": [10.375, 6.875, 9.875, 7.375], "texture": "#0"}
			}
		},
		{
			"name": "arm2",
			"from": [9, 11, 11],
			"to": [13, 26, 15],
			"rotation": {"angle": 22.5, "axis": "x", "origin": [0, 9, 0]},
			"faces": {
				"north": {"uv": [6, 7.75, 6.5, 9.625], "texture": "#0"},
				"east": {"uv": [7.875, 4.875, 8.375, 6.75], "texture": "#0"},
				"south": {"uv": [7.875, 6.75, 8.375, 8.625], "texture": "#0"},
				"west": {"uv": [8.375, 4.875, 8.875, 6.75], "texture": "#0"},
				"up": {"uv": [10.375, 7.875, 9.875, 7.375], "texture": "#0"},
				"down": {"uv": [10.375, 7.875, 9.875, 8.375], "texture": "#0"}
			}
		},
		{
			"name": "chain2",
			"from": [2, 11, 12.25],
			"to": [3, 16, 13],
			"rotation": {"angle": 0, "axis": "x", "origin": [0.5, 9, 0]},
			"faces": {
				"north": {"uv": [6.5, 5.625, 6.625, 6.125], "texture": "#0"},
				"east": {"uv": [6.5, 7.75, 6.625, 8.25], "texture": "#0"},
				"south": {"uv": [4.125, 8.75, 4.25, 9.25], "texture": "#0"},
				"west": {"uv": [4.125, 10.25, 4.25, 10.75], "texture": "#0"},
				"up": {"uv": [5.875, 7.875, 5.75, 7.75], "texture": "#0"},
				"down": {"uv": [6, 7.75, 5.875, 7.875], "texture": "#0"}
			}
		},
		{
			"name": "chain3",
			"from": [1, 11, 12.25],
			"to": [2, 12, 13],
			"rotation": {"angle": 0, "axis": "x", "origin": [0.5, 9, 0]},
			"faces": {
				"north": {"uv": [6.5, 8.25, 6.625, 8.375], "texture": "#0"},
				"east": {"uv": [9, 1.375, 9.125, 1.5], "texture": "#0"},
				"south": {"uv": [9.125, 1.375, 9.25, 1.5], "texture": "#0"},
				"west": {"uv": [9.5, 4, 9.625, 4.125], "texture": "#0"},
				"up": {"uv": [9.875, 10, 9.75, 9.875], "texture": "#0"},
				"down": {"uv": [2.875, 10.375, 2.75, 10.5], "texture": "#0"}
			}
		},
		{
			"name": "chain4",
			"from": [1, 13, 12.25],
			"to": [2, 14, 13],
			"rotation": {"angle": 0, "axis": "x", "origin": [0.5, 9, 0]},
			"faces": {
				"north": {"uv": [2.875, 10.375, 3, 10.5], "texture": "#0"},
				"east": {"uv": [3, 10.375, 3.125, 10.5], "texture": "#0"},
				"south": {"uv": [10.375, 3, 10.5, 3.125], "texture": "#0"},
				"west": {"uv": [3.125, 10.375, 3.25, 10.5], "texture": "#0"},
				"up": {"uv": [10.5, 3.25, 10.375, 3.125], "texture": "#0"},
				"down": {"uv": [3.375, 10.375, 3.25, 10.5], "texture": "#0"}
			}
		},
		{
			"name": "chain3",
			"from": [-5, 15, 12],
			"to": [-4, 16, 13],
			"rotation": {"angle": -45, "axis": "z", "origin": [0, 9, 0]},
			"faces": {
				"north": {"uv": [7.75, 4.125, 7.875, 4.375], "texture": "#0"},
				"east": {"uv": [4.125, 9.25, 4.25, 9.5], "texture": "#0"},
				"south": {"uv": [7.875, 10, 8, 10.25], "texture": "#0"},
				"west": {"uv": [2.125, 10.375, 2.25, 10.625], "texture": "#0"},
				"up": {"uv": [10.5, 3.375, 10.375, 3.25], "texture": "#0"},
				"down": {"uv": [10.5, 3.375, 10.375, 3.5], "texture": "#0"}
			}
		},
		{
			"name": "chain4",
			"from": [6, 11, 12],
			"to": [7, 13, 13],
			"rotation": {"angle": 45, "axis": "z", "origin": [0, 9, 0]},
			"faces": {
				"north": {"uv": [2.25, 10.375, 2.375, 10.625], "texture": "#0"},
				"east": {"uv": [2.375, 10.375, 2.5, 10.625], "texture": "#0"},
				"south": {"uv": [2.5, 10.375, 2.625, 10.625], "texture": "#0"},
				"west": {"uv": [2.625, 10.375, 2.75, 10.625], "texture": "#0"},
				"up": {"uv": [10.5, 3.625, 10.375, 3.5], "texture": "#0"},
				"down": {"uv": [10.5, 3.625, 10.375, 3.75], "texture": "#0"}
			}
		},
		{
			"name": "chain4",
			"from": [5, 12, 12],
			"to": [6, 13, 13],
			"rotation": {"angle": 45, "axis": "z", "origin": [0, 9, 0]},
			"faces": {
				"north": {"uv": [4.25, 10.375, 4.375, 10.5], "texture": "#0"},
				"east": {"uv": [4.375, 10.375, 4.5, 10.5], "texture": "#0"},
				"south": {"uv": [4.5, 10.375, 4.625, 10.5], "texture": "#0"},
				"west": {"uv": [4.625, 10.375, 4.75, 10.5], "texture": "#0"},
				"up": {"uv": [4.875, 10.5, 4.75, 10.375], "texture": "#0"},
				"down": {"uv": [10.5, 4.75, 10.375, 4.875], "texture": "#0"}
			}
		},
		{
			"name": "chain5",
			"from": [7, 12, 12],
			"to": [8, 13, 13],
			"rotation": {"angle": 45, "axis": "z", "origin": [0, 9, 0]},
			"faces": {
				"north": {"uv": [3, 7.75, 3.375, 7.875], "texture": "#0"},
				"east": {"uv": [4.875, 10.375, 5, 10.5], "texture": "#0"},
				"south": {"uv": [9.625, 4.75, 10, 4.875], "texture": "#0"},
				"west": {"uv": [10.375, 4.875, 10.5, 5], "texture": "#0"},
				"up": {"uv": [10.375, 4.875, 10, 4.75], "texture": "#0"},
				"down": {"uv": [2.125, 10.375, 1.75, 10.5], "texture": "#0"}
			}
		},
		{
			"name": "chain1",
			"from": [7, 13, 12],
			"to": [8, 18, 13],
			"rotation": {"angle": 45, "axis": "z", "origin": [0, 9, 0]},
			"faces": {
				"north": {"uv": [8.625, 10.25, 8.75, 10.75], "texture": "#0"},
				"east": {"uv": [8.75, 10.25, 8.875, 10.75], "texture": "#0"},
				"south": {"uv": [10.125, 10.25, 10.25, 10.75], "texture": "#0"},
				"west": {"uv": [10.25, 10.25, 10.375, 10.75], "texture": "#0"},
				"up": {"uv": [5.125, 10.5, 5, 10.375], "texture": "#0"},
				"down": {"uv": [10.5, 5, 10.375, 5.125], "texture": "#0"}
			}
		},
		{
			"name": "chain2",
			"from": [-5, 17, 12],
			"to": [-4, 21, 13],
			"rotation": {"angle": -45, "axis": "z", "origin": [0, 9, 0]},
			"faces": {
				"north": {"uv": [1, 10.375, 1.125, 10.875], "texture": "#0"},
				"east": {"uv": [1.125, 10.375, 1.25, 10.875], "texture": "#0"},
				"south": {"uv": [1.25, 10.375, 1.375, 10.875], "texture": "#0"},
				"west": {"uv": [1.375, 10.375, 1.5, 10.875], "texture": "#0"},
				"up": {"uv": [5.25, 10.5, 5.125, 10.375], "texture": "#0"},
				"down": {"uv": [10.5, 5.125, 10.375, 5.25], "texture": "#0"}
			}
		}
	],
	"display": {
		"thirdperson_righthand": {
			"translation": [-0.25, 0.25, 0]
		},
		"head": {
			"translation": [0, 4, -4.25]
		}
	},
	"groups": [
		{
			"name": "crofter",
			"origin": [8, 8, 8],
			"color": 0,
			"children": [0, 1, 2, 3, 4, 5, 6, 7, 8, 9, 10, 11, 12, 13, 14, 15, 16, 17, 18, 19, 20, 21, 22, 23, 24, 25, 26, 27, 28, 29, 30, 31, 32]
		}
	]
}