{
  "parent": "minecraft:item/handheld",
  "textures": {
    "layer0": "minecraft:item/diamond"
  },
  "overrides": [
    {
      "predicate": {
        "custom_model_data": 888501
      },
      "model": "item/custom/portals/dormis_portal"
  },
  {
    "predicate": {
      "custom_model_data": 888502
    },
    "model": "item/custom/portals/glacium_portal"
},
{
  "predicate": {
    "custom_model_data": 888503
  },
  "model": "item/custom/portals/omnidrome_portal"
},
{
  "predicate": {
    "custom_model_data": 888504
  },
  "model": "item/custom/portals/panacea_portal"
},
{
  "predicate": {
    "custom_model_data": 888505
  },
  "model": "item/custom/portals/sanctum_portal"
},
{
  "predicate": {
    "custom_model_data": 888506
  },
  "model": "item/custom/portals/brine_portal"
},
{
  "predicate": {
    "custom_model_data": 888507
  },
  "model": "item/custom/portals/faewild_portal"
},
{
  "predicate": {
    "custom_model_data": 888508
  },
  "model": "item/custom/portals/underdark_portal"
},
{
  "predicate": {
    "custom_model_data": 888509
  },
  "model": "item/custom/portals/varskspace_portal"
},
{
  "predicate": {
    "custom_model_data": 888510
  },
  "model": "item/custom/portals/void_portal"
},
{
  "predicate": {
    "custom_model_data": 888511
  },
  "model": "item/custom/portals/nether_portal"
},

        {
            "predicate": {
              "custom_model_data": 888512
            },
            "model": "item/custom/portals/overworld_portal"
        }
    ]
}