{
  "parent": "minecraft:item/generated",
  "textures": {
    "layer0": "item/potion_overlay",
    "layer1": "minecraft:item/potion"
  },
  "overrides": [
    {
      "predicate": {
        "custom_model_data": 888501
      },
      "model": "item/custom/mega_pot"
    },
    {
      "predicate": {
        "custom_model_data": 6960001
      },
      "model": "wyvernity:irradiated/vitamins"
    },
    {
      "predicate": {
        "custom_model_data": 6960002
      },
      "model": "wyvernity:irradiated/cough_syrup"
    },
    {
      "predicate": {
        "custom_model_data": 6960003
      },
      "model": "wyvernity:irradiated/antibiotics"
    },
    {
      "predicate": {
        "custom_model_data": 6960004
      },
      "model": "wyvernity:irradiated/vaccine"
    },
    {
      "predicate": {
        "custom_model_data": 6960005
      },
      "model": "wyvernity:irradiated/filter"
    }
  ]
}