{
  "parent": "minecraft:item/generated",
  "textures": {
    "layer0": "minecraft:item/warped_fungus_on_a_stick"
  },
  "overrides": [
    {
      "predicate": {
        "custom_model_data": 888501
      },
      "model": "item/custom/frost_spite"
    },
    {
      "predicate": {
        "custom_model_data": 6960001
      },
      "model": "wyvernity:soulorbs/soul_orb_empty"
    },
    {
      "predicate": {
        "custom_model_data": 6960002
      },
      "model": "wyvernity:soulorbs/soul_orb_captured"
    }
  ]
}