{
  "parent": "minecraft:item/generated",
  "textures": {
    "layer0": "minecraft:item/written_book"
  },
  "overrides": [
    {
      "predicate": {
        "custom_model_data": 888501
      },
      "model": "item/custom/species_book"
    },
    {
      "predicate": {
        "custom_model_data": 888502
      },
      "model": "item/custom/arbitrium_book"
    },
    {
      "predicate": {
        "custom_model_data": 6960001
      },
      "model": "wyvernity:enchantmentplus/guide"
    }
  ]
}