[
  {
    "section": "Minecraft Team",
    "disciplines": [
      {
        "discipline": "",
        "titles": [
          {
            "title": "Original Creator",
            "names": [
              "Markus Persson"
            ]
          },
          {
            "title": "Chief Creative Officers",
            "names": [
              "Jens Bergensten",
              "Saxs Persson"
            ]
          },
          {
            "title": "Executive Producers",
            "names": [
              "Anita Sujarit",
              "Chloe Bouxsein",
              "Fredrik Telenius",
              "Gama Aguilar-Gamez",
              "Hai Shi",
              "Kayla Kinnunen",
              "Sara Jansson Bach"
            ]
          },
          {
            "title": "Producers",
            "names": [
              "Adrian Östergård",
              "Allan Contreras (Insight Global, Inc)",
              "Anjelika Zora Kosanic",
              "Anna Lundgren",
              "Annica Strand",
              "Bryan G. Bonham",
              "Carina Kovacs Lockhart",
              "Carlos Naranjo",
              "Charlotte Angantyr",
              "Charlotte Backer",
              "David Iooss (Randstad)",
              "David Siegel",
              "Dejan Dimic",
              "Dev Hazarika",
              "Eliot Lee",
              "Emily Steele (Formosa)",
              "Gabrielle Riggir",
              "Hillary Good (Aquent, LLC)",
              "Hugo Lang",
              "Isabella Arningsmark",
              "Jeffrey Carlo (Apex Systems, Inc)",
              "Jennifer Dotson (Insight Global, Inc)",
              "Jillian Brown (TEKsystems, Inc)",
              "Johan Grunden",
              "Jonas Olaussen",
              "Josefin Olsson",
              "Kara Kono",
              "Kat Siegert (Insight Global, Inc)",
              "Katie Ellison",
              "Kyle Lawton",
              "Laylah Bulman",
              "Lina Hagman",
              "Linda Dalin",
              "Lisa Kempe",
              "Luis Qiang Liu",
              "Marc Watson",
              "Marcus Bodin",
              "Marie Bustgaard Granlund",
              "Marie Stålkrantz",
              "Micael Sjölund",
              "Negin Javanmardi",
              "Nicolette Suraga",
              "Nikoo Jorjani",
              "Patrik Hamsten",
              "Petter Denninger",
              "Pontus Åselius",
              "Rachel Ji",
              "Riccardo Lenzi",
              "Roger Duke (Insight Global, Inc)",
              "Seo Hee Hong",
              "Sofie Lundberg",
              "Tess Kearney (Formosa)",
              "Tia Dalupan-Wong",
              "Tim Mardell",
              "Tina Lin (Collabera, LLC)",
              "Todd Baldwin"
            ]
          },
          {
            "title": "Associate Producers",
            "names": [
              "Anna Lundgren",
              "Sara Lidberg"
            ]
          },
          {
            "title": "Technical Directors",
            "names": [
              "Christopher Östlund",
              "James Fairweather",
              "James S Yarrow",
              "Jason Major",
              "Kristoffer Jelbring",
              "Michael J. Ott",
              "Nathan Adams"
            ]
          },
          {
            "title": "Tech Leads",
            "names": [
              "Mikael Hedberg",
              "Nathan Carlson",
              "Ryan Edgemon",
              "Sebastian Hindefelt"
            ]
          },
          {
            "title": "Game Developers",
            "names": [
              "Agnes Larsson",
              "Aishwarya Jayabal",
              "Alexander Sandor",
              "Alexander Torstling",
              "Alexander Östman",
              "Bartosz Bok",
              "Billy Sjöberg",
              "Bjarni Gudmundsson",
              "Brandon Pearce",
              "Cory Scheviak",
              "David Dalström",
              "Erik Broes",
              "Felix Jones",
              "Georgii Gavrichev",
              "Henning Erlandsen",
              "Henrik Kniberg",
              "Jagannathan Mannu",
              "Janani Senrayaperumal",
              "Joachim Larsson",
              "Johannes Busch",
              "Josh Letellier",
              "Kristoffer Kobosko",
              "Maha Srinivasan",
              "Maria Lemón",
              "Matthew Gatland",
              "Michael Stoyke",
              "Niclas Unnervik",
              "Nilay Karaoglu",
              "Nir Vaknin",
              "Packiyanath Sivathanu",
              "Pouya Ashraf",
              "Prabhu Venkatraman Iyer",
              "Shagun Sharma Tamta",
              "Shanmugam Sanjay",
              "Sheena Mathew",
              "Sina Tamanna",
              "Sriram Sreenivasan",
              "Subramani Ramanathan",
              "Sumit Kumar Suman",
              "Thomas Guimbretière",
              "Vivek Kumar"
            ]
          },
          {
            "title": "Quality Assurance",
            "names": [
              "Chuan Shi Yu",
              "Faith Chow",
              "Felipe Mauricio",
              "Franka Mostert",
              "Ivan Yemelianov",
              "Jake Megrian",
              "Leo Hewitt",
              "Lera Kirka",
              "Mark Ball",
              "Paul Coada",
              "Thommy Siverman Mörk",
              "Vicky Huang",
              "Zackarias Gustavsson"
            ]
          },
          {
            "title": "Launcher Tech Lead",
            "names": [
              "Márcio Oliveira"
            ]
          },
          {
            "title": "Launcher Developers",
            "names": [
              "Linus Cumselius",
              "Marc Neander",
              "Mikael Malmqvist",
              "Petr Mrázek"
            ]
          },
          {
            "title": "Launcher User Experience Designer",
            "names": [
              "Lucas Morales"
            ]
          },
          {
            "title": "Realms Senior Product Manager",
            "names": [
              "Fredrik Telenius"
            ]
          },
          {
            "title": "Realms Product Manager",
            "names": [
              "Kevin Katona"
            ]
          },
          {
            "title": "Realms Developers",
            "names": [
              "Brian Threvathan",
              "Cullen Waters",
              "Lawrence Sanchez",
              "Nathan Sosnovske",
              "Nicolas Suc"
            ]
          },
          {
            "title": "Minecraft Content Lead",
            "names": [
              "Matthew Dryden"
            ]
          },
          {
            "title": "Minecraft Content Coordinator",
            "names": [
              "Adam Martinsson",
              "Andreas Thomasson",
              "Oskar Thysell",
              "Sara Lempiäinen"
            ]
          },
          {
            "title": "Art Directors",
            "names": [
              "Amanda Ström",
              "Filip Keatley Thoms",
              "Jasper Boestra",
              "Johan Aronsson",
              "Julian Kerr",
              "Lynwood Montgomery (Formosa)",
              "Markus Toivonen",
              "Martin Johansson",
              "Ninni Landin",
              "Seung Sung",
              "Telemachus Stavropoulos",
              "Viktor Blanke"
            ]
          },
          {
            "title": "Graphics Artists",
            "names": [
              "Chi Wong",
              "Jasper Boerstra",
              "Mattis Grahm"
            ]
          },
          {
            "title": "User Experience Design",
            "names": [
              "Aksel Englund",
              "Eric Alm",
              "Hajar Harda",
              "Imani Ricks",
              "Josefine Lindqvist",
              "Lily Ekman",
              "Lucas Morales Sousa",
              "Margot Laucournet",
              "Oscar Nilsson",
              "Sebastian Melchor Hedman",
              "Timothy Lusk (Randstad)",
              "Tom Keen",
              "Unn Swanström"
            ]
          },
          {
            "title": "Lead User Experience Developer",
            "names": [
              "Paulo Ragonha"
            ]
          },
          {
            "title": "User Experience Developers",
            "names": [
              "Albin Odervall",
              "Anna Päärni",
              "Dario Vodopivec",
              "Emelie Sidesiö",
              "Emil Hedemalm",
              "Kirill Mikhel",
              "Marlon Huber-Smith",
              "Michael Novén",
              "Oleg Kozitsyn",
              "Oskar Carlbaum",
              "Oskar Pedersen",
              "Richard Pihlcrantz"
            ]
          },
          {
            "title": "Sound Director",
            "names": [
              "Samuel Åberg"
            ]
          },
          {
            "title": "Sound Design",
            "names": [
              "Magnus Mikander",
              "Peter Hont",
              "Thareeq Roshan",
              "Tom Koselnik Olovsson",
              "Daniel Rosenfeld",
              "Kevin Martinez",
              "Peter Hont"
            ]
          },
          {
            "title": "Music composed by",
            "names": [
              "Daniel Rosenfeld"
            ]
          },
          {
            "title": "Writing",
            "names": [
              "Julian Gough"
            ]
          },
          {
            "title": "Developers of Mo’ Creatures",
            "names": [
              "Dan Roque",
              "John Olarte (DrZhark)",
              "Kent Christian Jensen"
            ]
          }
        ]
      },
      {
        "discipline": "Mojang Studios",
        "titles": [
          {
            "title": "Chief Executive Officer",
            "names": [
              "Jonas Mårtensson"
            ]
          },
          {
            "title": "Chief Operations Officer",
            "names": [
              "Ulrika Höjgård"
            ]
          },
          {
            "title": "Chief Technology Officer",
            "names": [
              "Mike Carlson"
            ]
          },
          {
            "title": "Chief Brand Officer",
            "names": [
              "Lydia Winters"
            ]
          },
          {
            "title": "Chief Content Officer",
            "names": [
              "Vu Bui"
            ]
          },
          {
            "title": "Human Resources",
            "names": [
              "Maja Samuelsson",
              "Viktoria Petersson"
            ]
          },
          {
            "title": "Director of Finance",
            "names": [
              "Marina Kostesic"
            ]
          },
          {
            "title": "Director of New Games",
            "names": [
              "Patrick Liu"
            ]
          },
          {
            "title": "Game Director",
            "names": [
              "Måns Olson"
            ]
          },
          {
            "title": "Game Designers",
            "names": [
              "Christian Berg",
              "Max Herngren"
            ]
          },
          {
            "title": "Lead Game Developers",
            "names": [
              "Kristoffer Jelbring",
              "Niklas Börestam"
            ]
          },
          {
            "title": "Game Developers",
            "names": [
              "Adrian Toncean",
              "Anton Arbring",
              "Aron Nieminen",
              "Christan Berg",
              "Daniel Wustenhoff",
              "Jakob Rydén",
              "Jon Maiga",
              "Mårten Helander",
              "Tomas Alaeus"
            ]
          },
          {
            "title": "Art Leads",
            "names": [
              "Daniel Björkefors",
              "Telemachus Stavropoulos"
            ]
          },
          {
            "title": "Graphic Designers",
            "names": [
              "Wiktor Persson",
              "Markus Karlsson"
            ]
          },
          {
            "title": "3D/VFX",
            "names": [
              "Christian Nordgren",
              "Jakob Gavelli"
            ]
          },
          {
            "title": "Lead System Engineers",
            "names": [
              "Jifeng Zhang",
              "Robert Sjödahl",
              "Torbjörn Allard"
            ]
          },
          {
            "title": "System Developers",
            "names": [
              "Alexandre Pretto Nunes",
              "Anders Martini",
              "Maksim Ivanov",
              "Maria Katsourani",
              "Mikael Malmqvist",
              "Joakim Ejenstam",
              "Jonas Bergström",
              "Petter Gisslen",
              "Pär Axelsson",
              "Stefan Torstensson",
              "Wenlan Yang"
            ]
          },
          {
            "title": "Experience Design",
            "names": [
              "Daniel Feldt"
            ]
          },
          {
            "title": "Director of Business Development",
            "names": [
              "Patrick Geuder"
            ]
          },
          {
            "title": "Production Director",
            "names": [
              "Olof Carlson Sandvik"
            ]
          },
          {
            "title": "Head of Creative Production",
            "names": [
              "Sheila Ho"
            ]
          },
          {
            "title": "Production Manager",
            "names": [
              "Klas Hammarström"
            ]
          },
          {
            "title": "Producers",
            "names": [
              "Adele Major",
              "David Nisshagen",
              "Hampus Nilsson",
              "Johannes Fridd",
              "Kaya Hatcher",
              "Lisa Kempe",
              "Moira Ingeltun",
              "Nicolette Suraga",
              "Sarah Carton",
              "Sebastian Falk",
              "Åsa Skogström"
            ]
          },
          {
            "title": "Associate Producers",
            "names": [
              "Marc Watson"
            ]
          },
          {
            "title": "Project Managers",
            "names": [
              "Isabella Balk"
            ]
          },
          {
            "title": "Director of Creative Communications",
            "names": [
              "Owen Jones"
            ]
          },
          {
            "title": "Head of Marketing Communications",
            "names": [
              "Thomas Wiborgh"
            ]
          },
          {
            "title": "Creative Communications Assistant",
            "names": [
              "Per Landin",
              "Tom Stone"
            ]
          },
          {
            "title": "Head of Community Relations",
            "names": [
              "Karim Walldén"
            ]
          },
          {
            "title": "Community Relations Coordinator",
            "names": [
              "Josefin Olsson"
            ]
          },
          {
            "title": "Head of Social Media",
            "names": [
              "Alice Löfgren"
            ]
          },
          {
            "title": "Customer Support Team Lead",
            "names": [
              "Mattias Victorin"
            ]
          },
          {
            "title": "Customer Support",
            "names": [
              "Andreas Thomasson",
              "Antonia Kousathana",
              "Cecilia Flumé",
              "Cim Borg",
              "David Stuart Dahlgren",
              "Ellie Ashrafi",
              "Fredrik Sandström",
              "Freja Fors",
              "Jonny Hair",
              "Nasim Derakhshan",
              "Nima Tolouifar",
              "Patrik Södergren",
              "Rui Ribeiro",
              "Sarah Mårtensson"
            ]
          },
          {
            "title": "Office Manager",
            "names": [
              "Siri Hoel Andersson"
            ]
          },
          {
            "title": "Office Coordinators",
            "names": [
              "Aleksandra Zajac",
              "Joël Älveroth"
            ]
          },
          {
            "title": "Reception Manager",
            "names": [
              "Chaimae Truving"
            ]
          },
          {
            "title": "Financial Accountant",
            "names": [
              "Josefina Axelsson"
            ]
          },
          {
            "title": "IT Wizards",
            "names": [
              "Cesar Sima Falck",
              "Shoghi Cervantes"
            ]
          },
          {
            "title": "Product Designer Team Lead",
            "names": [
              "Amanda Ström"
            ]
          },
          {
            "title": "Product Designers",
            "names": [
              "Filip Thoms",
              "Jennifer Hammervald",
              "Sherin Kwan"
            ]
          },
          {
            "title": "Motion Graphics Designer",
            "names": [
              "Kim Petersen"
            ]
          },
          {
            "title": "Intellectual Property Enforcement Team Lead",
            "names": [
              "Olle Personne"
            ]
          },
          {
            "title": "Intellectual Property Enforcement Agents",
            "names": [
              "Mathias Andersson",
              "Matilda Åkerman",
              "Marcus Forss",
              "Sylvia Chen",
              "Johan Hedlund"
            ]
          }
        ]
      },
      {
        "discipline": "Mojang Alumni",
        "titles": [
          {
            "title": "Chief Executive Officers",
            "names": [
              "Carl Manneh"
            ]
          },
          {
            "title": "Chief Finance Officer",
            "names": [
              "Karin Severinson"
            ]
          },
          {
            "title": "Chief Technology Officer",
            "names": [
              "Rikard Herlitz"
            ]
          },
          {
            "title": "Project Directors",
            "names": [
              "Jakob Porsér"
            ]
          },
          {
            "title": "Production Director",
            "names": [
              "Daniel Kaplan"
            ]
          },
          {
            "title": "Game Director",
            "names": [
              "Henrik Pettersson"
            ]
          },
          {
            "title": "Assistant Producers",
            "names": [
              "Warren Loo"
            ]
          },
          {
            "title": "Game Developers",
            "names": [
              "Christian Westman",
              "Daniel Frisk",
              "Isaac de la Vega",
              "Jakob Pogulis",
              "Johan Bernhardsson",
              "Magnus Bentling",
              "Markus Arvidsson",
              "Nathan Gilbert",
              "Ryan Holtz",
              "Tobias Möllstam"
            ]
          },
          {
            "title": "3D/VFX",
            "names": [
              "Elin Ölund Forsling"
            ]
          },
          {
            "title": "User Experience Design Director",
            "names": [
              "Tobias Ahlin"
            ]
          },
          {
            "title": "Additional Programming",
            "names": [
              "Elliot 'Hippoplatimus' Segal",
              "Paul Spooner",
              "Ryan 'Scaevolus' Hitchman"
            ]
          },
          {
            "title": "Lead System Engineers",
            "names": [
              "Tom Miles",
              "Tomas Sommar"
            ]
          },
          {
            "title": "System Developers",
            "names": [
              "Christoffer Hammarström",
              "Leonard Gram",
              "Martin Odhelius"
            ]
          },
          {
            "title": "Realms Developers",
            "names": [
              "Amir Moulavi",
              "David Marby",
              "Erik Bylund",
              "Johnny Sjöö",
              "Magnus Jäderberg",
              "Mats Henricson",
              "Philip Vieira"
            ]
          },
          {
            "title": "Graphics Artists",
            "names": [
              "Kristoffer Zetterstrand",
              "Poi Poi Chen"
            ]
          },
          {
            "title": "Head of Social Media",
            "names": [
              "Amelia Dale"
            ]
          },
          {
            "title": "Merchandise Art Director",
            "names": [
              "Alexis Holmqvist"
            ]
          },
          {
            "title": "Additional Graphics",
            "names": [
              "Jonatan Pöljö",
              "Mariana Graham Ramirez"
            ]
          },
          {
            "title": "Creative Communications Manager",
            "names": [
              "Martin Davies"
            ]
          },
          {
            "title": "Creative Communications Assistant",
            "names": [
              "Emily Richardson"
            ]
          },
          {
            "title": "Business Intelligence",
            "names": [
              "Brynjólfur Erlingsson"
            ]
          },
          {
            "title": "Customer Support",
            "names": [
              "Amelia Lindroth Henriksson",
              "Ana Barata Martins",
              "Andreas Andersson",
              "Andreas Jörgensen",
              "Angehlica Walling",
              "Annika Tripke-Lund",
              "Anton Albiin",
              "Carl Johnsson",
              "Dante Stjernberg",
              "David Carlsson",
              "Elin Frykholm",
              "Eliza Hearsum",
              "Erik Nordberg",
              "Fredrik Henriksson",
              "Henrik Davallius",
              "Henry Shi",
              "Joe Liu",
              "Kevin Vesterlund",
              "Mike Till",
              "Nicole Jansson",
              "Rabi Hadad",
              "Robert Miskiewicz",
              "Robin Cocks",
              "Robin Thunström",
              "Theodor Colbing"
            ]
          },
          {
            "title": "Office Managers",
            "names": [
              "Alex Andersson",
              "Charlotte Wredesjö",
              "Jill Curran",
              "Linn Hultman",
              "Mikaela Prim"
            ]
          }
        ]
      },
      {
        "discipline": "Special Thanks",
        "titles": [
          {
            "title": "",
            "names": [
              "Daniel Brynolf",
              "Pontus Hammarberg"
            ]
          }
        ]
      }
    ]
  }
]
