{
    "textures": {
        "particle": "#all"
    },
	"ambientocclusion": false,
	"elements": [
		{	"name": "cube",
			"from": [ 0, 0, 0 ],
			"to": [ 16, 16, 16 ],
			"shade": true,
			"faces": {
				"up":    { "uv": [ 0, 0, 16, 16 ], "texture": "#all" },
				"down":  { "uv": [ 0, 0, 16, 16 ], "texture": "#all" },
				"north": { "uv": [ 0, 0, 16, 16 ], "texture": "#all" },
				"south": { "uv": [ 0, 0, 16, 16 ], "texture": "#all" },
				"west":  { "uv": [ 0, 0, 16, 16 ], "texture": "#all" },
				"east":  { "uv": [ 0, 0, 16, 16 ], "texture": "#all" }
			}
		}
	],
	"display": {
		"thirdperson_righthand": {
			"scale": [0.375, 0.375, 0.375],
			"rotation": [75, 45, 0],
			"translation": [0, 2.5, 0]
		},
		"thirdperson_lefthand": {
			"scale": [0.375, 0.375, 0.375],
			"rotation": [75, 45, 0],
			"translation": [0, 2.5, 0]
		},
		"firstperson_righthand": {
			"scale": [0.4, 0.4, 0.4],
			"rotation": [0, 45, 0],
			"translation": [0, 0, 0]
		},
		"firstperson_lefthand": {
			"scale": [0.4, 0.4, 0.4],
			"rotation": [0, 225, 0],
			"translation": [0, 0, 0]
		},
		"ground": {
			"scale": [0.25, 0.25, 0.25],
			"rotation": [0, 0, 0],
			"translation": [0, 3, 0]
		},
		"fixed": {
			"scale": [0.5, 0.5, 0.5],
			"rotation": [0, 0, 0],
			"translation": [0, 0, 0]
		},
		"gui": {
			"scale": [0.625, 0.625, 0.625],
			"rotation": [30, 225, 0],
			"translation": [0, 0, 0]
		}
	}
}

